[ {
    "vendor_country" : "Australia",
    "vendor_date" : "25-02-2022",
    "vendor_id" : 0,
    "vendor_name" : "Lenovo",
    "vendor_details" : [ {
      "category_details" : [ {
        "category_name" : "Banking Service",
        "emission_total_value" : 5.025005,
        "emission_current_value" : 4.9652185
      }, {
        "category_name" : "Accomadation",
        "emission_total_value" : 5.025005,
        "emission_current_value" : 4.9652185
      } ],
      "emission_total_value" : 5.962134,
      "emission_past_value" : 6.0274563,
      "emission_current_value" : 1.4658129
    }, {
      "category_details" : [ {
        "category_name" : "Banking Service",
        "emission_total_value" : 5.025005,
        "emission_current_value" : 4.9652185
      }, {
        "category_name" : "Accomadation",
        "emission_total_value" : 5.025005,
        "emission_current_value" : 4.9652185
      } ],
      "emission_total_value" : 5.962134,
      "emission_past_value" : 6.0274563,
      "emission_current_value" : 1.4658129
    } ],
    "vendor_domain" : "vendor_domain"
  }, {
    "vendor_country" : "United States",
    "vendor_date" : "23-04-2022",
    "vendor_id" : 0,
    "vendor_name" : "HP",
    "vendor_details" : [ {
      "category_details" : [ {
        "category_name" : "Courier Services",
        "emission_total_value" : 5.025005,
        "emission_current_value" : 4.9652185
      }, {
        "category_name" : "Cleaning",
        "emission_total_value" : 5.025005,
        "emission_current_value" : 4.9652185
      } ],
      "emission_total_value" : 5.962134,
      "emission_past_value" : 6.0274563,
      "emission_current_value" : 1.4658129
    }, {
      "category_details" : [ {
        "category_name" : "Courier Services",
        "emission_total_value" : 5.025005,
        "emission_current_value" : 4.9652185
      }, {
        "category_name" : "category_name",
        "emission_total_value" : 5.025005,
        "emission_current_value" : 4.9652185
      } ],
      "emission_total_value" : 5.962134,
      "emission_past_value" : 6.0274563,
      "emission_current_value" : 1.4658129
    } ],
    "vendor_domain" : "vendor_domain"
  } ]