[{
    "Month" :  {
      "jul" : 2.027123023002322,
      "oct" : 1.2315135367772556,
      "feb" : 5.637376656633329,
      "apr" : 7.061401241503109,
      "jun" : 3.616076749251911,
      "aug" : 4.145608029883936,
      "dec" : 1.4894159098541704,
      "may" : 9.301444243932576,
      "nov" : 1.0246457001441578,
      "jan" : 5.962133916683182,
      "mar" : 2.3021358869347655,
      "sep" : 7.386281948385884
    },
    "emission_transaction_id" : 0,
    "total_emission_amount" : 1.801452,
    "client_transaction_id" : 6,
    "Scope_Analytics" : {
      "scope_1" : {
        "category_details" : [ {
          "category_name" : "Banking Service",
          "emission_total_value" : 5.025005,
          "emission_current_value" : 4.9652185
        }, {
          "category_name" : "Accomadation",
          "emission_total_value" : 5.025005,
          "emission_current_value" : 4.9652185
        } ],
        "emission_total_value" : 1.1730742,
        "emission_past_value" : 6.846853,
        "emission_current_value" : 7.4577446
      }
    }
  }
]