[
    {
        "scope_id": "1",
        "scope_level": 1,
        "created_timestamp": "2023-03-16",
        "updated_timestamp": "2023-03-16",
        "is_deleted": false,
        "is_active": true
    },
    {
        "scope_id": "2",
        "scope_level": 2,
        "created_timestamp": "2023-03-16",
        "updated_timestamp": "2023-03-16",
        "is_deleted": false,
        "is_active": true
    },
    {
        "scope_id": "3",
        "scope_level": 3,
        "created_timestamp": "2023-03-16",
        "updated_timestamp": "2023-03-16",
        "is_deleted": false,
        "is_active": true
    }
]