[
    {
        "vendor_country": "United States",
        "vendor_date": "2023-03-16T09:30:01.277052Z",
        "vendor_id": "632725a3-017c-4b97-84e9-7ce26ae91f15",
        "vendor_name": "Whirlpool",
        "vendor_details": {
            "category_details": [
                {
                    "category_name": "Accomadation",
                    "emission_total_value": 5.025005,
                    "emission_current_value": 4.9652185
                }
            ],
            "emission_total_value": 5.962134,
            "emission_past_value": 6.0274563,
            "emission_current_value": 1.4658129
        },
        "vendor_domain": "9890b5ef-59a9-4981-93fa-202ae73ec987"
    }
]

