[ {
    "vendor_country" : "United states",
    "vendor_date" : "27-01-2021",
    "vendor_id" : 0,
    "vendor_name" : "HCL",
    "vendor_details" : [ {
      "category_details" : [ {
        "category_name" : "accomodation",
        "emission_total_value" : 5.025005,
        "emission_current_value" : 4.9652185
      }, {
        "category_name" : "cleaning",
        "emission_total_value" : 5.025005,
        "emission_current_value" : 4.9652185
      } ],
      "emission_total_value" : 5.962134,
      "emission_past_value" : 6.0274563,
      "emission_current_value" : 1.4658129
    }, {
      "category_details" : [ {
        "category_name" : "accomodation",
        "emission_total_value" : 5.025005,
        "emission_current_value" : 4.9652185
      }, {
        "category_name" : "Courier Services",
        "emission_total_value" : 5.025005,
        "emission_current_value" : 4.9652185
      } ],
      "emission_total_value" : 5.962134,
      "emission_past_value" : 6.0274563,
      "emission_current_value" : 1.4658129
    } ],
    "vendor_domain" : "vendor_domain"
  }, {
    "vendor_country" : "India",
    "vendor_date" : "27-11-2021",
    "vendor_id" : 0,
    "vendor_name" : "WNS",
    "vendor_details" : [ {
      "category_details" : [ {
        "category_name" : "cleaning",
        "emission_total_value" : 5.025005,
        "emission_current_value" : 4.9652185
      }, {
        "category_name" : "Courier Services",
        "emission_total_value" : 5.025005,
        "emission_current_value" : 4.9652185
      } ],
      "emission_total_value" : 5.962134,
      "emission_past_value" : 6.0274563,
      "emission_current_value" : 1.4658129
    }, {
      "category_details" : [ {
        "category_name" : "accomodation",
        "emission_total_value" : 5.025005,
        "emission_current_value" : 4.9652185
      }, {
        "category_name" : "cleaning",
        "emission_total_value" : 5.025005,
        "emission_current_value" : 4.9652185
      } ],
      "emission_total_value" : 5.962134,
      "emission_past_value" : 6.0274563,
      "emission_current_value" : 1.4658129
    } ],
    "vendor_domain" : "vendor_domain"
  } ]